Dataset,Accuracy,Precision,Recall,F1-Score,ROC-AUC,Notes
"Old Baseline (21,799 ECGs)",0.8902,0.7763,0.7905,0.7833,0.9409,"All confidence levels, ECG-wise split"
"New Filtered (7,593 ECGs)",0.9586631486367634,0.8876404494382022,0.9330708661417323,0.9097888675623801,0.990556531509439,"100% confidence only, patient-wise split"
Improvement,0.0684631486367634,0.1113404494382022,0.1425708661417323,0.1264888675623801,0.04965653150943905,Δ (New - Old)
